,total,survived,proportion
0,216,136,0.62962962963
1,184,87,0.472826086957
2,491,119,0.242362525458
